"ID_EMPRESA";"NEMO";"NAME";"CATEGORY";"PRECIO_ULT"
"LOC1";"ITAUCL.SN";"Itaú CorpBanca";"LOCAL";23761
"LOC2";"LTM.SN";"Latam Airlines";"LOCAL";27,8899993896484
"LOC3";"SQM-B.SN";"SQM B (Soquimich B)";"LOCAL";73500
"LOC4";"FALABELLA.SN";"Falabella";"LOCAL";6535
"LOC5";"CHILE.SN";"Banco de Chile";"LOCAL";191
"LOC6";"CENCOSUD.SN";"Cencosud";"LOCAL";2980
"LOC7";"BSANTANDER.SN";"Banco Santander Chile";"LOCAL";78,3000030517578
"LOC8";"COPEC.SN";"Empresas Copec";"LOCAL";7765
"LOC9";"MALLPLAZA.SN";"Mall Plaza";"LOCAL";3850
"LOC10";"ENELCHILE.SN";"Enel Chile";"LOCAL";77
"LOC11";"BCI.SN";"Banco de Crédito e Inversiones";"LOCAL";64200
"LOC12";"CCU.SN";"Cervecerías (CCU)";"LOCAL";6585
"LOC13";"CMPC.SN";"Empresas CMPC";"LOCAL";1290
"LOC14";"ENELAM.SN";"Enel Américas";"LOCAL";84,8000030517578
"LOC15";"VAPORES.SN";"Vapores (CSAV)";"LOCAL";47,7000007629395
"LOC16";"ANDINA-B.SN";"Embotelladora Andina B";"LOCAL";4405
"LOC17";"AGUAS-A.SN";"Aguas Andinas";"LOCAL";380
"LOC18";"PARAUCO.SN";"Parque Arauco";"LOCAL";3850
"LOC19";"SMU.SN";"SMU";"LOCAL";164,5
"LOC20";"COLBUN.SN";"Colbún";"LOCAL";147,960006713867
"LOC21";"CAP.SN";"CAP";"LOCAL";8250
"LOC22";"CONCHATORO.SN";"Viña Concha y Toro";"LOCAL";1020
"LOC23";"ENTEL.SN";"Entel";"LOCAL";4919,5
"LOC24";"QUINENCO.SN";"Quiñenco";"LOCAL";4530
"LOC25";"RIPLEY.SN";"Ripley Corp";"LOCAL";423,5
"LOC26";"ECL.SN";"Engie Energía Chile";"LOCAL";1619,90002441406
"LOC27";"CENCOMALLS.SN";"Cencosud Shopping";"LOCAL";2710
"LOC28";"SALFACORP.SN";"Salfacorp";"LOCAL";1350
"LOC29";"ILC.SN";"Inversiones La Construcción";"LOCAL";22000
"LOC30";"IAM.SN";"Inversiones Aguas Metropolitanas";"LOCAL";1114
"LOC31";"ORO-BLANCO.SN";"Oro Blanco";"LOCAL";10,3699998855591
"LOC32";"SONDA.SN";"Sonda";"LOCAL";338,489990234375
"LOC33";"ANDINA-A.SN";"Embotelladora Andina A";"LOCAL";3599,5
"LOC34";"EMBONOR-B.SN";"Embonor B";"LOCAL";1558,59997558594
"LOC35";"ENELGXCH.SN";"Enel Generación Chile";"LOCAL";517
"LOC36";"HABITAT.SN";"AFP Habitat";"LOCAL";1502,19995117188
"LOC37";"AAISA.SN";"Americana de Inversiones";"LOCAL";439,850006103516
"LOC38";"MASISA.SN";"Masisa";"LOCAL";17,75
"LOC39";"ZOFRI.SN";"Zofri";"LOCAL";1091
"LOC40";"SQM-A.SN";"SQM A (Soquimich A)";"LOCAL";69526
"LOC41";"INVERCAP.SN";"Invercap";"LOCAL";2271,69995117188
"LOC42";"SOQUICOM.SN";"SQM Comercial";"LOCAL";385
"LOC43";"PROVIDA.SN";"AFP Provida";"LOCAL";5839
"LOC44";"ABC.SN";"ABC";"LOCAL";15,6899995803833
"LOC45";"NITRATOS.SN";"Nitratos de Chile";"LOCAL";5,07999992370605
"LOC46";"SOCOVESA.SN";"Socovesa";"LOCAL";155,979995727539
"LOC47";"ANTARCHILE.SN";"Antar Chile";"LOCAL";8816
"LOC48";"LAS-CONDES.SN";"Clinica Las Condes";"LOCAL";13898
"LOC49";"HITES.SN";"Hites";"LOCAL";123
"LOC50";"BESALCO.SN";"Besalco";"LOCAL";1398,69995117188
"LOC51";"ALMENDRAL.SN";"Almendral";"LOCAL";30,5
"LOC52";"NORTEGRAN.SN";"Norte Grande";"LOCAL";14
"LOC53";"MINERA.SN";"Minera Valparaiso";"LOCAL";13989
"LOC54";"FORUS.SN";"Forus";"LOCAL";2433,19995117188
"LOC55";"SK.SN";"Sigdo Koppers";"LOCAL";1664,59997558594
"LOC56";"MANQUEHUE.SN";"Inmobiliaria Manquehue";"LOCAL";129,699996948242
"LOC57";"INGEVEC.SN";"Ingevec";"LOCAL";200,440002441406
"LOC58";"PUCOBRE.SN";"Punta del Cobre";"LOCAL";19750
"LOC59";"EISA.SN";"Echeverría Izquierdo";"LOCAL";468,489990234375
"LOC60";"BANVIDA.SN";"Isapre Banvida";"LOCAL";751,039978027344
"LOC61";"MULTI-X.SN";"Multiexport Foods";"LOCAL";346
"LOC62";"ENAEX.SN";"Enaex";"LOCAL";24605
"LOC63";"WATTS.SN";"Watts";"LOCAL";740
"LOC64";"INDISA.SN";"Clinica Indisa";"LOCAL";2771,19995117188
"LOC65";"PAZ.SN";"Paz Corp";"LOCAL";845,659973144531
"LOC66";"CAMANCHACA.SN";"Pesquera Camanchaca";"LOCAL";94,0199966430664
"LOC67";"TRICOT.SN";"Empresas Tricot";"LOCAL";650
"EXT1";"NVDA";"NVIDIA";"EXTANJERA";186,470001220703
"EXT2";"TSLA";"Tesla";"EXTANJERA";435,200012207031
"EXT3";"INTC";"Intel Corporation";"EXTANJERA";42,4900016784668
"EXT4";"F";"Ford Motor";"EXTANJERA";13,4399995803833
"EXT5";"AAPL";"Apple Inc.";"EXTANJERA";255,410003662109
"EXT6";"AMD";"Advanced Micro Devices";"EXTANJERA";251,309997558594
"EXT7";"AMZN";"Amazon.com Inc.";"EXTANJERA";238,419998168945
"EXT8";"PFE";"Pfizer";"EXTANJERA";25,8799991607666
"EXT9";"BAC";"Bank of America";"EXTANJERA";52,0200004577637
"EXT10";"T";"AT&T";"EXTANJERA";23,4500007629395
"EXT11";"NFLX";"Netflix";"EXTANJERA";85,6999969482422
"EXT12";"WBD";"Warner Bros. Discovery";"EXTANJERA";28,2399997711182
"EXT13";"GOOGL";"Alphabet Inc. (Class A)";"EXTANJERA";333,260009765625
"EXT14";"AVGO";"Broadcom Inc.";"EXTANJERA";324,850006103516
"EXT15";"CCL";"Carnival Corporation";"EXTANJERA";28,6700000762939
"EXT16";"CMCSA";"Comcast Corp.";"EXTANJERA";29,4300003051758
"EXT17";"MU";"Micron Technology";"EXTANJERA";389,089996337891
"EXT18";"MSFT";"Microsoft Corporation";"EXTANJERA";470,279998779297
"EXT19";"HBAN";"Huntington Bancshares";"EXTANJERA";17,3400001525879
"EXT20";"GOOG";"Alphabet Inc. (Class C)";"EXTANJERA";333,589996337891
"EXT21";"VZ";"Verizon Communications";"EXTANJERA";39,6199989318848
"EXT22";"CSCO";"Cisco Systems";"EXTANJERA";77,0100021362305
"EXT23";"WMT";"Walmart Inc.";"EXTANJERA";117,639999389648
"EXT24";"WFC";"Wells Fargo";"EXTANJERA";88,0500030517578
"EXT25";"KO";"Coca-Cola Company";"EXTANJERA";72,5599975585938
"EXT26";"KEY";"KeyCorp";"EXTANJERA";21,2900009155273
"EXT27";"C";"Citigroup";"EXTANJERA";114,819999694824
"EXT28";"META";"Meta Platforms";"EXTANJERA";672,359985351562
"EXT29";"KMI";"Kinder Morgan";"EXTANJERA";29,3400001525879
"EXT30";"CMG";"Chipotle Mexican Grill";"EXTANJERA";39,7200012207031
"EXT31";"BMY";"Bristol Myers Squibb";"EXTANJERA";54,5999984741211
"EXT32";"SLB";"SLB";"EXTANJERA";49,7000007629395
"EXT33";"CSX";"CSX Corporation";"EXTANJERA";37,4700012207031
"EXT34";"NCLH";"Norwegian Cruise Line Holdings";"EXTANJERA";20,7900009155273
"EXT35";"NKE";"Nike Inc.";"EXTANJERA";64,9899978637695
"EXT36";"PYPL";"PayPal Holdings";"EXTANJERA";56,5999984741211
"EXT37";"MRK";"Merck & Co.";"EXTANJERA";107,400001525879
"EXT38";"GM";"General Motors";"EXTANJERA";79,4300003051758
"EXT39";"LRCX";"Lam Research";"EXTANJERA";222,869995117188
"EXT40";"NEE";"NextEra Energy";"EXTANJERA";85,4700012207031
"EXT41";"NEM";"Newmont";"EXTANJERA";125,919998168945
"EXT42";"AES";"AES Corporation";"EXTANJERA";14,6199998855591
"EXT43";"HAL";"Halliburton";"EXTANJERA";34,1599998474121
"EXT44";"KHC";"Kraft Heinz";"EXTANJERA";23,5799999237061
"EXT45";"OXY";"Occidental Petroleum";"EXTANJERA";43,9199981689453
"EXT46";"ORCL";"Oracle";"EXTANJERA";182,440002441406
"EXT47";"SBUX";"Starbucks";"EXTANJERA";96,3300018310547
"EXT48";"CVS";"CVS Health";"EXTANJERA";83,870002746582
"EXT49";"DIS";"Walt Disney Company";"EXTANJERA";111,309997558594
"EXT50";"RF";"Regions Financial";"EXTANJERA";27,7399997711182
"EXT51";"LUV";"Southwest Airlines";"EXTANJERA";42,0299987792969
"EXT52";"VTRS";"Viatris";"EXTANJERA";13,1700000762939
"EXT53";"JPM";"JPMorgan Chase & Co.";"EXTANJERA";301,040008544922
"EXT54";"DAL";"Delta Air Lines";"EXTANJERA";67,5
"EXT55";"USB";"U.S. Bancorp";"EXTANJERA";55,8300018310547
"EXT56";"MO";"Altria Group";"EXTANJERA";62,9799995422363
"EXT57";"ANET";"Arista Networks";"EXTANJERA";143,720001220703
"EXT58";"QCOM";"Qualcomm";"EXTANJERA";154,520004272461
"EXT59";"SCHW";"Charles Schwab";"EXTANJERA";102,940002441406
"EXT60";"CVX";"Chevron Corporation";"EXTANJERA";167,5
"EXT61";"HPQ";"HP Inc.";"EXTANJERA";19,4599990844727
"EXT62";"TFC";"Truist Financial";"EXTANJERA";50,189998626709
"EXT63";"DVN";"Devon Energy";"EXTANJERA";38,6300010681152
"EXT64";"JNJ";"Johnson & Johnson";"EXTANJERA";221,490005493164
"EXT65";"BA";"Boeing Company";"EXTANJERA";248,429992675781
"EXT66";"ON";"ON Semiconductor";"EXTANJERA";61,1300010681152
"EXT67";"MDLZ";"Mondelez International";"EXTANJERA";58,5299987792969
"EXT68";"WDC";"Western Digital";"EXTANJERA";240,850006103516
"EXT69";"MCHP";"Microchip Technology";"EXTANJERA";74,7900009155273
"EXT70";"EQT";"EQT Corporation";"EXTANJERA";56,4099998474121
"EXT71";"HST";"Host Hotels & Resorts";"EXTANJERA";18,7299995422363
"EXT72";"MRNA";"Moderna Inc.";"EXTANJERA";47,9900016784668
"EXT73";"DOW";"Dow Inc.";"EXTANJERA";28,1800003051758
"EXT74";"PG";"Procter & Gamble";"EXTANJERA";149,490005493164
"EXT75";"APH";"Amphenol";"EXTANJERA";155,559997558594
"EXT76";"GILD";"Gilead Sciences";"EXTANJERA";137,779998779297
"EXT77";"BKR";"Baker Hughes";"EXTANJERA";56,2900009155273
"EXT78";"VFC";"VF Corporation";"EXTANJERA";20,0100002288818
"EXT79";"UAL";"United Airlines Holdings";"EXTANJERA";107,76000213623
"EXT80";"BSX";"Boston Scientific";"EXTANJERA";93,5500030517578
"EXT81";"WMB";"Williams Companies";"EXTANJERA";64,2900009155273
"EXT82";"NOW";"ServiceNow";"EXTANJERA";136,339996337891
"EXT83";"EXC";"Exelon Corporation";"EXTANJERA";44,5499992370605
"EXT84";"MDT";"Medtronic";"EXTANJERA";100,669998168945
"EXT85";"CTRA";"Coterra Energy";"EXTANJERA";27,3899993896484
"EXT86";"AMAT";"Applied Materials";"EXTANJERA";319,459991455078
"EXT87";"PEP";"PepsiCo";"EXTANJERA";145,869995117188
"EXT88";"APA";"APA Corporation";"EXTANJERA";25,3999996185303
"EXT89";"COP";"ConocoPhillips";"EXTANJERA";98,4499969482422
"EXT90";"VICI";"VICI Properties";"EXTANJERA";28,5100002288818
"EXT91";"CRM";"Salesforce Inc.";"EXTANJERA";229,399993896484
"EXT92";"V";"Visa Inc.";"EXTANJERA";328,489990234375
"EXT93";"FAST";"Fastenal";"EXTANJERA";43,7299995422363
"EXT94";"NWL";"Newell Brands";"EXTANJERA";4,36999988555908
"EXT95";"TXN";"Texas Instruments";"EXTANJERA";196,589996337891
"EXT96";"MS";"Morgan Stanley";"EXTANJERA";181,880004882812
"EXT97";"CAG";"Conagra Brands";"EXTANJERA";18,0900001525879
"EXT98";"AA";"Alcoa";"EXTANJERA";58,5499992370605
"EXT99";"DOC";"Healthpeak Properties";"EXTANJERA";17,7600002288818
"EXT100";"PANW";"Palo Alto Networks";"EXTANJERA";184,220001220703
"EXT101";"DD";"DuPont";"EXTANJERA";44,2000007629395
"EXT102";"MNST";"Monster Beverage";"EXTANJERA";81,1600036621094
"EXT103";"ABT";"Abbott Laboratories";"EXTANJERA";108,769996643066
"EXT104";"KR";"Kroger";"EXTANJERA";63,689998626709
"EXT105";"ABBV";"AbbVie";"EXTANJERA";220,770004272461
"EXT106";"PM";"Philip Morris International";"EXTANJERA";175,759994506836
"EXT107";"UNH";"UnitedHealth Group";"EXTANJERA";351,640014648438
"EXT108";"RTX";"RTX Corporation";"EXTANJERA";194,130004882812
"EXT109";"LVS";"Las Vegas Sands";"EXTANJERA";60,8800010681152
"EXT110";"ORLY";"O'Reilly Automotive";"EXTANJERA";100,23999786377
"EXT111";"TGT";"Target";"EXTANJERA";103,959999084473
"EXT112";"GE";"General Electric";"EXTANJERA";295,059997558594
"EXT113";"TSCO";"Tractor Supply";"EXTANJERA";55,560001373291
"EXT114";"GLW";"Corning";"EXTANJERA";94,9499969482422
"EXT115";"TJX";"TJX Companies";"EXTANJERA";150,080001831055
"EXT116";"EBAY";"eBay Inc.";"EXTANJERA";94,4199981689453
"EXT117";"CNC";"Centene";"EXTANJERA";46,2799987792969
"EXT118";"PPL";"PPL Corporation";"EXTANJERA";36,5
"EXT119";"UPS";"UPS";"EXTANJERA";106,970001220703
"EXT120";"CPRT";"Copart Inc.";"EXTANJERA";41,5400009155273
"EXT121";"CNP";"CenterPoint Energy";"EXTANJERA";39,4199981689453
"EXT122";"CL";"Colgate-Palmolive";"EXTANJERA";85,1999969482422
"EXT123";"CZR";"Caesars Entertainment";"EXTANJERA";22,3700008392334
"EXT124";"FTNT";"Fortinet";"EXTANJERA";83,0699996948242
"EXT125";"MOS";"Mosaic Company";"EXTANJERA";28,3299999237061
"EXT126";"SO";"Southern Company";"EXTANJERA";88,1600036621094
"EXT127";"CARR";"Carrier Global";"EXTANJERA";57,3699989318848
"EXT128";"D";"Dominion Energy";"EXTANJERA";60,2400016784668
"EXT129";"CFG";"Citizens Financial Group";"EXTANJERA";62,5200004577637
"EXT130";"FITB";"Fifth Third Bancorp";"EXTANJERA";50,4900016784668
"EXT131";"GIS";"General Mills";"EXTANJERA";44,6300010681152
"EXT132";"BAX";"Baxter International";"EXTANJERA";19,6499996185303
"EXT133";"IP";"International Paper";"EXTANJERA";43
"EXT134";"JCI";"Johnson Controls";"EXTANJERA";115,069999694824
"EXT135";"BBWI";"Bath & Body Works";"EXTANJERA";21,4500007629395
"EXT136";"MGM";"MGM Resorts International";"EXTANJERA";34,0999984741211
"EXT137";"ABNB";"Airbnb Inc.";"EXTANJERA";133,389999389648
"EXT138";"KIM";"Kimco Realty";"EXTANJERA";20,8500003814697
"EXT139";"TMUS";"T‑Mobile US";"EXTANJERA";187,960006713867
"EXT140";"AIG";"American International Group";"EXTANJERA";73,7900009155273
"EXT141";"MTCH";"Match Group";"EXTANJERA";32,0800018310547
"EXT142";"BRK-B";"Berkshire Hathaway Class B";"EXTANJERA";483,470001220703
"EXT143";"EW";"Edwards Lifesciences";"EXTANJERA";84,2699966430664
"EXT144";"IBM";"IBM";"EXTANJERA";296,329986572266
"EXT145";"NI";"NiSource";"EXTANJERA";43,9099998474121
"EXT146";"WY";"Weyerhaeuser";"EXTANJERA";26,6000003814697
"EXT147";"BEN";"Franklin Resources";"EXTANJERA";25,5499992370605
"EXT148";"XEL";"Xcel Energy";"EXTANJERA";75,7300033569336
"EXT149";"DXCM";"DexCom";"EXTANJERA";73,3399963378906
"EXT150";"HON";"Honeywell International";"EXTANJERA";221,160003662109
"EXT151";"BK";"Bank of New York Mellon";"EXTANJERA";119,019996643066
"EXT152";"CTSH";"Cognizant Technology Solutions";"EXTANJERA";85,6100006103516
"EXT153";"SYF";"Synchrony Financial";"EXTANJERA";77,5100021362305
"EXT154";"GEN";"Gen Digital";"EXTANJERA";25,6299991607666
"EXT155";"PLD";"Prologis";"EXTANJERA";126,430000305176
"EXT156";"SEDG";"SolarEdge Technologies";"EXTANJERA";34,4099998474121
"EXT157";"TPR";"Tapestry";"EXTANJERA";126,180000305176
"EXT158";"MMM";"3M Company";"EXTANJERA";159,520004272461
"EXT159";"FE";"FirstEnergy";"EXTANJERA";46,7700004577637
"EXT160";"INVH";"Invitation Homes";"EXTANJERA";26,8999996185303
"EXT161";"HD";"Home Depot";"EXTANJERA";386,529998779297
"EXT162";"CTVA";"Corteva";"EXTANJERA";72,629997253418
"EXT163";"FIS";"Fidelity National Information Services";"EXTANJERA";59,0999984741211
"EXT164";"ADM";"Archer Daniels Midland";"EXTANJERA";67,370002746582
"EXT165";"ADI";"Analog Devices";"EXTANJERA";304,010009765625
"EXT166";"SRE";"Sempra";"EXTANJERA";86,6999969482422
"EXT167";"EL";"Estée Lauder Companies";"EXTANJERA";116,389999389648
"EXT168";"AMCR";"Amcor";"EXTANJERA";44,5299987792969
"EXT169";"ADBE";"Adobe Inc.";"EXTANJERA";304,720001220703
"EXT170";"CPB";"Campbell Soup";"EXTANJERA";27,1399993896484
"EXT171";"MCD";"McDonald's Corporation";"EXTANJERA";312,950012207031
"EXT172";"EOG";"EOG Resources";"EXTANJERA";107,599998474121
"EXT173";"OKE";"ONEOK";"EXTANJERA";77,5
"EXT174";"LLY";"Eli Lilly";"EXTANJERA";1062,75
"EXT175";"FOXA";"Fox Corporation Class A";"EXTANJERA";72,7200012207031
"EXT176";"FISV";"Fiserv";"EXTANJERA";67,1500015258789
"EXT177";"DLTR";"Dollar Tree";"EXTANJERA";125,400001525879
"EXT178";"DHR";"Danaher";"EXTANJERA";236,710006713867
"EXT179";"BBY";"Best Buy";"EXTANJERA";66,75
"EXT180";"DG";"Dollar General";"EXTANJERA";150,330001831055
"EXT181";"DUK";"Duke Energy";"EXTANJERA";118,779998779297
"EXT182";"AEP";"American Electric Power";"EXTANJERA";118,019996643066
"EXT183";"COF";"Capital One Financial";"EXTANJERA";220,179992675781
"EXT184";"ACN";"Accenture";"EXTANJERA";280,709991455078
"EXT185";"ETR";"Entergy";"EXTANJERA";94,9700012207031
"EXT186";"GEHC";"GE HealthCare";"EXTANJERA";80,2699966430664
"EXT187";"FTV";"Fortive";"EXTANJERA";54,75
"EXT188";"DHI";"D.R. Horton";"EXTANJERA";150
"EXT189";"STX";"Seagate Technology";"EXTANJERA";358,290008544922
"EXT190";"SYY";"Sysco";"EXTANJERA";75,629997253418
"EXT191";"ALB";"Albemarle";"EXTANJERA";189,75
"EXT192";"HRL";"Hormel Foods";"EXTANJERA";24,8500003814697
"EXT193";"VLO";"Valero Energy";"EXTANJERA";183,279998779297
"EXT194";"NWSA";"News Corp Class A";"EXTANJERA";26,8999996185303
"EXT195";"NDAQ";"Nasdaq";"EXTANJERA";98,8899993896484
"EXT196";"ICE";"Intercontinental Exchange";"EXTANJERA";175,100006103516
"EXT197";"CEG";"Constellation Energy";"EXTANJERA";285,269989013672
"EXT198";"CCI";"Crown Castle";"EXTANJERA";87,25
"EXT199";"PGR";"Progressive";"EXTANJERA";208
"EXT200";"APTV";"Aptiv";"EXTANJERA";77,0400009155273
"EXT201";"UNP";"Union Pacific";"EXTANJERA";230,889999389648
"EXT202";"EMR";"Emerson Electric";"EXTANJERA";149,130004882812
"EXT203";"NRG";"NRG Energy";"EXTANJERA";149,929992675781
"EXT204";"AXP";"American Express";"EXTANJERA";363,25
"EXT205";"BF-B";"Brown-Forman Class B";"EXTANJERA";27,4099998474121
"EXT206";"PEG";"Public Service Enterprise Group";"EXTANJERA";79,0500030517578
"EXT207";"CSGP";"CoStar Group";"EXTANJERA";65,8099975585938
"EXT208";"VTR";"Ventas";"EXTANJERA";76,2799987792969
"EXT209";"PSX";"Phillips 66";"EXTANJERA";140,389999389648
"EXT210";"WELL";"Welltower";"EXTANJERA";183,630004882812
"EXT211";"IR";"Ingersoll Rand";"EXTANJERA";86,7900009155273
"EXT212";"LEN";"Lennar";"EXTANJERA";110,580001831055
"EXT213";"HWM";"Howmet Aerospace";"EXTANJERA";215,389999389648
"EXT214";"PCAR";"PACCAR";"EXTANJERA";122,110000610352
"EXT215";"LOW";"Lowe's";"EXTANJERA";277,910003662109
"EXT216";"MA";"Mastercard";"EXTANJERA";527,359985351562
"EXT217";"TER";"Teradyne";"EXTANJERA";231,75
"EXT218";"CAT";"Caterpillar Inc.";"EXTANJERA";635,919982910156
"EXT219";"AMGN";"Amgen Inc.";"EXTANJERA";349,690002441406
"EXT220";"TSN";"Tyson Foods";"EXTANJERA";63,7299995422363
"EXT221";"SWKS";"Skyworks Solutions";"EXTANJERA";59,7599983215332
"EXT222";"BWA";"BorgWarner";"EXTANJERA";47,7700004577637
"EXT223";"MPC";"Marathon Petroleum";"EXTANJERA";172,539993286133
"EXT224";"AMT";"American Tower";"EXTANJERA";179,460006713867
"EXT225";"ROST";"Ross Stores";"EXTANJERA";187,570007324219
"EXT226";"FSLR";"First Solar";"EXTANJERA";242,970001220703
"EXT227";"EA";"Electronic Arts";"EXTANJERA";204,399993896484
"EXT228";"UDR";"UDR";"EXTANJERA";37
"EXT229";"ES";"Eversource Energy";"EXTANJERA";70,3300018310547
"EXT230";"OMC";"Omnicom Group";"EXTANJERA";80,3600006103516
"EXT231";"KMX";"CarMax";"EXTANJERA";45,1399993896484
"EXT232";"ETN";"Eaton";"EXTANJERA";332,279998779297
"EXT233";"GPN";"Global Payments";"EXTANJERA";75,4400024414062
"EXT234";"CMS";"CMS Energy";"EXTANJERA";71,5299987792969
"EXT235";"LKQ";"LKQ Corporation";"EXTANJERA";33,7700004577637
"EXT236";"OTIS";"Otis Worldwide";"EXTANJERA";90,5800018310547
"EXT237";"KMB";"Kimberly-Clark";"EXTANJERA";101,139999389648
"EXT238";"LULU";"Lululemon Athletica";"EXTANJERA";192,789993286133
"EXT239";"RCL";"Royal Caribbean Group";"EXTANJERA";293,149993896484
"EXT240";"CF";"CF Industries";"EXTANJERA";91,6500015258789
"EXT241";"GS";"Goldman Sachs Group";"EXTANJERA";931,859985351562
"EXT242";"BALL";"Ball Corporation";"EXTANJERA";57,2099990844727
"EXT243";"WEC";"WEC Energy Group";"EXTANJERA";109,699996948242
"EXT244";"CAH";"Cardinal Health";"EXTANJERA";210,929992675781
"EXT245";"EVRG";"Evergy";"EXTANJERA";76,5899963378906
"EXT246";"MKC";"McCormick & Company";"EXTANJERA";60,9700012207031
"EXT247";"AFL";"Aflac";"EXTANJERA";108,940002441406
"EXT248";"ED";"Consolidated Edison";"EXTANJERA";104,589996337891
"EXT249";"COST";"Costco Wholesale";"EXTANJERA";977,669982910156
"EXT250";"STT";"State Street";"EXTANJERA";127,589996337891
"EXT251";"MMC";"Marsh McLennan";"EXTANJERA";183,660003662109
"EXT252";"CME";"CME Group";"EXTANJERA";284,049987792969
"EXT253";"YUM";"Yum! Brands";"EXTANJERA";152,820007324219
"EXT254";"PAYX";"Paychex";"EXTANJERA";106,190002441406
"EXT255";"PNC";"PNC Financial Services";"EXTANJERA";220,75
"EXT256";"FANG";"Diamondback Energy";"EXTANJERA";153,520004272461
"EXT257";"PHM";"PulteGroup";"EXTANJERA";125,069999694824
"EXT258";"ILMN";"Illumina Inc.";"EXTANJERA";153
"EXT259";"INCY";"Incyte";"EXTANJERA";102,580001831055
"EXT260";"FMC";"FMC Corporation";"EXTANJERA";16,1299991607666
"EXT261";"MAS";"Masco";"EXTANJERA";68,5899963378906
"EXT262";"TMO";"Thermo Fisher Scientific";"EXTANJERA";626,619995117188
"EXT263";"HOLX";"Hologic";"EXTANJERA";75,1900024414062
"EXT264";"LIN";"Linde plc";"EXTANJERA";455,029998779297
"EXT265";"EQR";"Equity Residential";"EXTANJERA";62,1199989318848
"EXT266";"EXPE";"Expedia Group";"EXTANJERA";269,489990234375
"EXT267";"NTAP";"NetApp";"EXTANJERA";98,8099975585938
"EXT268";"DLR";"Digital Realty";"EXTANJERA";161,570007324219
"EXT269";"ZS";"Zscaler";"EXTANJERA";214,550003051758
"EXT270";"WRB";"W.R. Berkley";"EXTANJERA";66,879997253418
"EXT271";"CMA";"Comerica";"EXTANJERA";94,2099990844727
"EXT272";"A";"Agilent Technologies";"EXTANJERA";135,649993896484
"EXT273";"LNT";"Alliant Energy";"EXTANJERA";67,0100021362305
"EXT274";"BDX";"Becton Dickinson";"EXTANJERA";203,419998168945
"EXT275";"ACGL";"Arch Capital Group";"EXTANJERA";93,6999969482422
"EXT276";"PPG";"PPG Industries";"EXTANJERA";112,650001525879
"EXT277";"ROL";"Rollins";"EXTANJERA";63,2599983215332
"EXT278";"TEL";"TE Connectivity";"EXTANJERA";225,490005493164
"EXT279";"AKAM";"Akamai Technologies";"EXTANJERA";98,6600036621094
"EXT280";"ADP";"Automatic Data Processing";"EXTANJERA";258,170013427734
"EXT281";"CHD";"Church & Dwight";"EXTANJERA";91,9300003051758
"EXT282";"CDNS";"Cadence Design Systems";"EXTANJERA";322,019989013672
"EXT283";"BLDR";"Builders FirstSource";"EXTANJERA";119,190002441406
"EXT284";"ODFL";"Old Dominion Freight Line";"EXTANJERA";173,990005493164
"EXT285";"FDX";"FedEx";"EXTANJERA";304,470001220703
"EXT286";"WM";"Waste Management";"EXTANJERA";230,25
"EXT287";"SHW";"Sherwin-Williams";"EXTANJERA";348,329986572266
"EXT288";"HSY";"Hershey";"EXTANJERA";189,970001220703
"EXT289";"IFF";"International Flavors & Fragrances";"EXTANJERA";74,0299987792969
"EXT290";"SWK";"Stanley Black & Decker";"EXTANJERA";81,8000030517578
"EXT291";"BRO";"Brown & Brown";"EXTANJERA";79,620002746582
"EXT292";"STZ";"Constellation Brands";"EXTANJERA";161,550003051758
"EXT293";"ISRG";"Intuitive Surgical";"EXTANJERA";528,809997558594
"EXT294";"HAS";"Hasbro";"EXTANJERA";89,4100036621094
"EXT295";"COO";"Cooper Companies";"EXTANJERA";80,9000015258789
"EXT296";"CBRE";"CBRE Group";"EXTANJERA";170,309997558594
"EXT297";"TRGP";"Targa Resources";"EXTANJERA";192,520004272461
"EXT298";"BG";"Bunge";"EXTANJERA";113,889999389648
"EXT299";"CB";"Chubb";"EXTANJERA";303,489990234375
"EXT300";"CI";"Cigna";"EXTANJERA";280,410003662109
"EXT301";"CE";"Celanese";"EXTANJERA";47,5299987792969
"EXT302";"AEE";"Ameren";"EXTANJERA";103,25
"EXT303";"CTAS";"Cintas Corporation";"EXTANJERA";193,889999389648
"EXT304";"TTWO";"Take‑Two Interactive";"EXTANJERA";245,630004882812
"EXT305";"HUM";"Humana";"EXTANJERA";263,630004882812
"EXT306";"ZBH";"Zimmer Biomet";"EXTANJERA";87,3199996948242
"EXT307";"HIG";"Hartford Financial";"EXTANJERA";130,740005493164
"EXT308";"INTU";"Intuit";"EXTANJERA";561,77001953125
"EXT309";"IRM";"Iron Mountain";"EXTANJERA";93,8399963378906
"EXT310";"ZION";"Zions Bancorporation";"EXTANJERA";59,1800003051758
"EXT311";"PRU";"Prudential Financial";"EXTANJERA";108,980003356934
"EXT312";"ALL";"Allstate";"EXTANJERA";196,020004272461
"EXT313";"QRVO";"Qorvo";"EXTANJERA";82,5
"EXT314";"SPG";"Simon Property Group";"EXTANJERA";185,330001831055
"EXT315";"SEE";"Sealed Air";"EXTANJERA";41,810001373291
"EXT316";"MAR";"Marriott International";"EXTANJERA";316,700012207031
"EXT317";"TECH";"Bio-Techne";"EXTANJERA";67,629997253418
"EXT318";"CLX";"Clorox";"EXTANJERA";112,870002746582
"EXT319";"ADSK";"Autodesk Inc.";"EXTANJERA";272,339996337891
"EXT320";"TROW";"T. Rowe Price";"EXTANJERA";106,089996337891
"EXT321";"HSIC";"Henry Schein";"EXTANJERA";77,5899963378906
"EXT322";"CHTR";"Charter Communications";"EXTANJERA";193,789993286133
"EXT323";"RHI";"Robert Half";"EXTANJERA";28,3299999237061
"EXT324";"BIIB";"Biogen Inc.";"EXTANJERA";173,119995117188
"EXT325";"PNR";"Pentair";"EXTANJERA";108,019996643066
"EXT326";"IQV";"IQVIA";"EXTANJERA";239,429992675781
"EXT327";"DE";"Deere & Company";"EXTANJERA";516,539978027344
"EXT328";"CHRW";"C.H. Robinson";"EXTANJERA";178,110000610352
"EXT329";"STLD";"Steel Dynamics";"EXTANJERA";173,320007324219
"EXT330";"ARE";"Alexandria Real Estate";"EXTANJERA";57,1599998474121
"EXT331";"SJM";"J.M. Smucker";"EXTANJERA";103,699996948242
"EXT332";"TRMB";"Trimble";"EXTANJERA";71,379997253418
"EXT333";"APD";"Air Products and Chemicals";"EXTANJERA";262,619995117188
"EXT334";"VRTX";"Vertex Pharmaceuticals";"EXTANJERA";476,839996337891
"EXT335";"TRV";"Travelers Companies";"EXTANJERA";281,709991455078
"EXT336";"SPGI";"S&P Global";"EXTANJERA";535,22998046875
"EXT337";"AWK";"American Water Works";"EXTANJERA";130,740005493164
"EXT338";"HCA";"HCA Healthcare";"EXTANJERA";472,380004882812
"EXT339";"XYL";"Xylem";"EXTANJERA";143,350006103516
"EXT340";"NSC";"Norfolk Southern";"EXTANJERA";288,260009765625
"EXT341";"DRI";"Darden Restaurants";"EXTANJERA";196,429992675781
"EXT342";"LMT";"Lockheed Martin";"EXTANJERA";581,659973144531
"EXT343";"NTRS";"Northern Trust";"EXTANJERA";149,649993896484
"EXT344";"TXT";"Textron";"EXTANJERA";94,6399993896484
"EXT345";"TT";"Trane Technologies";"EXTANJERA";394,160003662109
"EXT346";"SNPS";"Synopsys";"EXTANJERA";503,010009765625
"EXT347";"EXPD";"Expeditors International";"EXTANJERA";158,839996337891
"EXT348";"DTE";"DTE Energy";"EXTANJERA";135,529998779297
"EXT349";"EMN";"Eastman Chemical";"EXTANJERA";68,8899993896484
"EXT350";"RSG";"Republic Services";"EXTANJERA";219,080001831055
"EXT351";"AME";"AMETEK";"EXTANJERA";219,800003051758
"EXT352";"AJG";"Arthur J. Gallagher";"EXTANJERA";255,410003662109
"EXT353";"ECL";"Ecolab";"EXTANJERA";283,670013427734
"EXT354";"PFG";"Principal Financial Group";"EXTANJERA";93
"EXT355";"AON";"Aon";"EXTANJERA";338,869995117188
"EXT356";"GD";"General Dynamics";"EXTANJERA";363,540008544922
"EXT357";"PNW";"Pinnacle West Capital";"EXTANJERA";92,9400024414062
"EXT358";"AOS";"A. O. Smith";"EXTANJERA";71,0199966430664
"EXT359";"FOX";"Fox Corporation Class B";"EXTANJERA";65,3399963378906
"EXT360";"RJF";"Raymond James Financial";"EXTANJERA";169,690002441406
"EXT361";"GPC";"Genuine Parts";"EXTANJERA";139,179992675781
"EXT362";"REG";"Regency Centers";"EXTANJERA";71,2799987792969
"EXT363";"EXR";"Extra Space Storage";"EXTANJERA";140,089996337891
"EXT364";"CDW";"CDW Corporation";"EXTANJERA";127,400001525879
"EXT365";"LHX";"L3Harris Technologies";"EXTANJERA";354,200012207031
"EXT366";"KEYS";"Keysight Technologies";"EXTANJERA";214,360000610352
"EXT367";"MTB";"M&T Bank";"EXTANJERA";214,25
"EXT368";"HESM";"Hess Midstream";"EXTANJERA";35,1300010681152
"EXT369";"PWR";"Quanta Services";"EXTANJERA";470,769989013672
"EXT370";"KLAC";"KLA Corporation";"EXTANJERA";1543,03002929688
"EXT371";"WAB";"Westinghouse Air Brake Technologies";"EXTANJERA";231,699996948242
"EXT372";"RVTY";"Revvity";"EXTANJERA";114,699996948242
"EXT373";"DOV";"Dover";"EXTANJERA";207,699996948242
"EXT374";"JBHT";"J.B. Hunt Transport Services";"EXTANJERA";205,110000610352
"EXT375";"RMD";"ResMed";"EXTANJERA";255,470001220703
"EXT376";"DGX";"Quest Diagnostics";"EXTANJERA";182,529998779297
"EXT377";"LDOS";"Leidos Holdings";"EXTANJERA";189,5
"EXT378";"EFX";"Equifax";"EXTANJERA";214,490005493164
"EXT379";"CPT";"Camden Property Trust";"EXTANJERA";108,019996643066
"EXT380";"ALGN";"Align Technology";"EXTANJERA";167,649993896484
"EXT381";"ATO";"Atmos Energy";"EXTANJERA";168,5
"EXT382";"VRSK";"Verisk Analytics";"EXTANJERA";219,740005493164
"EXT383";"GNRC";"Generac";"EXTANJERA";167,110000610352
"EXT384";"SBAC";"SBA Communications";"EXTANJERA";187,669998168945
"EXT385";"ROK";"Rockwell Automation";"EXTANJERA";420,399993896484
"EXT386";"VMC";"Vulcan Materials";"EXTANJERA";300,399993896484
"EXT387";"ALNY";"Alnylam Pharmaceuticals";"EXTANJERA";361,350006103516
"EXT388";"NOC";"Northrop Grumman";"EXTANJERA";660,969970703125
"EXT389";"CMI";"Cummins";"EXTANJERA";569,960021972656
"EXT390";"GRMN";"Garmin";"EXTANJERA";206,919998168945
"EXT391";"ALLE";"Allegion";"EXTANJERA";166,940002441406
"EXT392";"PTC";"PTC";"EXTANJERA";165,770004272461
"EXT393";"REGN";"Regeneron Pharmaceuticals";"EXTANJERA";762,650024414062
"EXT394";"CBOE";"Cboe Global Markets";"EXTANJERA";270,140014648438
"EXT395";"MAA";"Mid-America Apartment Communities";"EXTANJERA";134,960006713867
"EXT396";"ULTA";"Ulta Beauty";"EXTANJERA";661,340026855469
"EXT397";"PSA";"Public Storage";"EXTANJERA";278,75
"EXT398";"J";"Jacobs Solutions";"EXTANJERA";136,979995727539
"EXT399";"DVA";"DaVita";"EXTANJERA";107,51000213623
"EXT400";"AVB";"AvalonBay Communities";"EXTANJERA";177,770004272461
"EXT401";"MCK";"McKesson";"EXTANJERA";826,619995117188
"EXT402";"CRL";"Charles River Laboratories";"EXTANJERA";222,350006103516
"EXT403";"RL";"Ralph Lauren";"EXTANJERA";360,320007324219
"EXT404";"L";"Loews Corporation";"EXTANJERA";102,680000305176
"EXT405";"MCO";"Moody's";"EXTANJERA";525,419982910156
"EXT406";"MHK";"Mohawk Industries";"EXTANJERA";120,459999084473
"EXT407";"NWS";"News Corp Class B";"EXTANJERA";31,0100002288818
"EXT408";"VRSN";"VeriSign";"EXTANJERA";251,539993286133
"EXT409";"UHS";"Universal Health Services";"EXTANJERA";206,100006103516
"EXT410";"MOH";"Molina Healthcare";"EXTANJERA";201,050003051758
"EXT411";"PODD";"Insulet";"EXTANJERA";271,309997558594
"EXT412";"PKG";"Packaging Corporation of America";"EXTANJERA";221,830001831055
"EXT413";"PAYC";"Paycom Software";"EXTANJERA";147,449996948242
"EXT414";"GL";"Globe Life";"EXTANJERA";138,080001831055
"EXT415";"EPAM";"EPAM Systems";"EXTANJERA";220,440002441406
"EXT416";"LH";"Labcorp";"EXTANJERA";267,380004882812
"EXT417";"FRT";"Federal Realty";"EXTANJERA";101,569999694824
"EXT418";"PH";"Parker-Hannifin";"EXTANJERA";933,049987792969
"EXT419";"BLK";"BlackRock";"EXTANJERA";1121,5400390625
"EXT420";"MPWR";"Monolithic Power Systems";"EXTANJERA";1068,14001464844
"EXT421";"WST";"West Pharmaceutical Services";"EXTANJERA";241,399993896484
"EXT422";"CINF";"Cincinnati Financial";"EXTANJERA";157,979995727539
"EXT423";"ROP";"Roper Technologies";"EXTANJERA";408,670013427734
"EXT424";"DPZ";"Domino's Pizza";"EXTANJERA";413,910003662109
"EXT425";"JKHY";"Jack Henry & Associates";"EXTANJERA";182,940002441406
"EXT426";"AVY";"Avery Dennison";"EXTANJERA";188,309997558594
"EXT427";"URI";"United Rentals";"EXTANJERA";911,159973144531
"EXT428";"AXON";"Axon Enterprise";"EXTANJERA";605,070007324219
"EXT429";"WTW";"Willis Towers Watson";"EXTANJERA";322
"EXT430";"IEX";"IDEX Corporation";"EXTANJERA";195,240005493164
